{
  "id": "2037844",
  "name": "移动端",
  "font_family": "iconfont",
  "css_prefix_text": "icon-",
  "description": "",
  "glyphs": [
    {
      "icon_id": "5515512",
      "name": "新书",
      "font_class": "xinshu",
      "unicode": "e623",
      "unicode_decimal": 58915
    },
    {
      "icon_id": "10289006",
      "name": "流程完结",
      "font_class": "flow-finish",
      "unicode": "e64d",
      "unicode_decimal": 58957
    },
    {
      "icon_id": "11060819",
      "name": "分类-未选中",
      "font_class": "icon-category",
      "unicode": "e604",
      "unicode_decimal": 58884
    },
    {
      "icon_id": "12354385",
      "name": "我 的",
      "font_class": "home",
      "unicode": "e605",
      "unicode_decimal": 58885
    },
    {
      "icon_id": "13144393",
      "name": "榜单",
      "font_class": "bangdan",
      "unicode": "e7d5",
      "unicode_decimal": 59349
    },
    {
      "icon_id": "14187072",
      "name": "发现",
      "font_class": "faxian",
      "unicode": "e6ad",
      "unicode_decimal": 59053
    },
    {
      "icon_id": "16223210",
      "name": "书城:选中",
      "font_class": "shuchengxuanzhong",
      "unicode": "e615",
      "unicode_decimal": 58901
    },
    {
      "icon_id": "16371206",
      "name": "书架选中",
      "font_class": "shouyeiconfenleibeifen10",
      "unicode": "e62a",
      "unicode_decimal": 58922
    },
    {
      "icon_id": "1169718",
      "name": "视频",
      "font_class": "shipin",
      "unicode": "e731",
      "unicode_decimal": 59185
    },
    {
      "icon_id": "1271848",
      "name": "icon_vip",
      "font_class": "vip1",
      "unicode": "e64c",
      "unicode_decimal": 58956
    },
    {
      "icon_id": "2502683",
      "name": "喇叭",
      "font_class": "laba3",
      "unicode": "e602",
      "unicode_decimal": 58882
    },
    {
      "icon_id": "3960675",
      "name": "热点视频",
      "font_class": "redianshipin",
      "unicode": "e61a",
      "unicode_decimal": 58906
    },
    {
      "icon_id": "4010313",
      "name": "太阳",
      "font_class": "taiyang",
      "unicode": "e614",
      "unicode_decimal": 58900
    },
    {
      "icon_id": "5758720",
      "name": "加载",
      "font_class": "jiazai",
      "unicode": "e644",
      "unicode_decimal": 58948
    },
    {
      "icon_id": "15842994",
      "name": "危险的闪电",
      "font_class": "zhongguohangtiantubiaoheji-weizhuanlunkuo-",
      "unicode": "e603",
      "unicode_decimal": 58883
    },
    {
      "icon_id": "16142351",
      "name": "品牌3了解更多信息icon",
      "font_class": "pinpai3lejiegengduoxinxiicon",
      "unicode": "e6df",
      "unicode_decimal": 59103
    },
    {
      "icon_id": "138975",
      "name": "查找",
      "font_class": "chazhao",
      "unicode": "e761",
      "unicode_decimal": 59233
    },
    {
      "icon_id": "287823",
      "name": "时间",
      "font_class": "shijian",
      "unicode": "e616",
      "unicode_decimal": 58902
    },
    {
      "icon_id": "2292589",
      "name": "热点",
      "font_class": "redian",
      "unicode": "e8e7",
      "unicode_decimal": 59623
    },
    {
      "icon_id": "2829887",
      "name": "下载",
      "font_class": "xiazai",
      "unicode": "e6a2",
      "unicode_decimal": 59042
    },
    {
      "icon_id": "9137093",
      "name": "vip",
      "font_class": "vip",
      "unicode": "e672",
      "unicode_decimal": 58994
    },
    {
      "icon_id": "9554158",
      "name": "VIP (1)",
      "font_class": "VIP",
      "unicode": "e621",
      "unicode_decimal": 58913
    },
    {
      "icon_id": "10227048",
      "name": "喜欢",
      "font_class": "xihuan_",
      "unicode": "e600",
      "unicode_decimal": 58880
    },
    {
      "icon_id": "12872348",
      "name": "笑脸",
      "font_class": "xiaolian",
      "unicode": "e6a5",
      "unicode_decimal": 59045
    },
    {
      "icon_id": "14473389",
      "name": "游戏",
      "font_class": "youxi",
      "unicode": "e63c",
      "unicode_decimal": 58940
    },
    {
      "icon_id": "15181212",
      "name": "首页-选中",
      "font_class": "shouye1-copy",
      "unicode": "e601",
      "unicode_decimal": 58881
    }
  ]
}
